id,status
84e421d6-7a00-415e-969e-74b52c1287fc,done
366f8fe5-0bcd-4e56-beb4-4994c4f2362c,done
acaed53c-a10c-4c1c-bfc6-33981d2f8f25,done
5045d461-93c6-461f-847f-886745df0b11,done
3fae4447-5f7c-4f87-9794-3d5cc9d2bfad,done
d305333d-c72f-4bc9-afff-28898a76c8f8,done
c98182ee-d71a-4546-86ab-2342f8db51e5,done
c5f00ff4-8e8e-468f-a5a2-d9fa4a9d4cf8,done
6094265b-16b3-403e-a12b-dc15d0e8e8ee,done
3d0ec132-e3de-4ceb-b307-a1a0a4e5e842,done
eda114d8-97a3-4d1b-9f29-d996e9140621,in progress
97e6cf8d-bae4-4e73-a62a-5ae3929c26a3,in progress
474e429d-84d6-439d-851c-327c95e98c68,in progress
5e17fdab-7ffe-41a2-8945-423eef875627,in progress
1322f57c-c079-4f25-a509-f7dda9fb55ef,pending
b44fe7f5-0dbf-4c06-9621-0bff59cf7f71,pending
995c73cd-6ecb-4406-a663-062e55c4911e,pending
0c44a709-b38c-49a2-aba4-1d82a3c1da64,pending
1c9103df-c768-404d-8f39-242b032e9926,pending
7cdf5e6c-67ae-4e60-a511-b96b829c00f6,pending
18624f74-250f-4401-82b7-4a3d75a52ba0,pending
5a847aa2-cd68-4613-a1bf-fd5d5997cbb1,pending
e8fa68b9-35fc-4ea6-8b2d-3c6b0531335c,pending
a0b8349b-9673-4f5e-b3f2-82d3fba8cc24,pending
047c3a99-07fe-4a08-9bc9-55eaa7be638a,pending
a9e6d41c-f49f-4166-8ba8-bff0df3447f0,pending
0a228c16-9f1d-4915-ba31-d77ea1baf7b4,pending
ea500673-9384-4a7a-b589-adcdd4aa6f8b,pending
ead79de0-349f-4916-a478-4a1711b242cb,pending
3f5b13e6-61e1-4630-a85f-d6a292e257f2,pending
d356732f-adc4-4778-b08a-691ac55c30cf,pending
620df448-5c8a-4024-ba61-5f78231b6dfc,pending
7a74a35b-3a9e-4461-b478-59fd09c0a371,pending
3e3aa008-f411-4925-b57d-8b7d5e774d06,pending
410bb5ed-4048-42f4-9d49-984997eaec7d,pending
fb780041-ebd8-413f-8d8e-da640434aa9e,pending
94c1a1ca-e1f2-4b73-a735-75724b59fb8f,pending
fd162540-0ffe-4a2e-8760-46448387026a,pending
0804f9a5-c43c-422f-beec-abe758fc9a59,pending
26566516-c9b6-48ab-98be-e8f4d9eb330d,pending
f71e2774-1dbb-458b-a5b4-d5847e07ebe2,pending
2957eb93-311d-4069-9cd0-d5dcadf5d71b,pending
11073580-6469-4abb-8904-84d39f64ee74,pending
aaf3c7ce-64c0-4007-bf81-5ac7d46728a3,pending
a21526a7-9448-47e1-a382-cd28154f8e9c,pending
c7974798-ec1f-415e-8024-b58ab5ee1e9a,pending
179660ce-0021-441a-9e04-3f8b24b9a6c1,pending
908347eb-2c58-4169-a2fe-81241c75f2a0,pending
c3d2238d-dee8-4b49-b7b4-2a2963f0ca2b,pending
06f54ef1-c452-48af-bb1c-697200dd4f50,pending
84ed9146-2037-45e9-a0da-f05005a348b5,pending
0dfba9ab-1838-45a4-81b0-7a7a820d0d19,pending
c6bbe958-aef0-4d96-a2ed-131700e65702,pending
a19c81e7-b949-4110-b65c-3a962dacf55c,pending
c383f6e9-acad-457a-bfec-e4334ed069b6,pending
b80c461e-db59-4771-a55b-25de592b72f9,pending
5118050d-8a01-4190-b51c-08a7e205b42b,pending
32192d76-522d-4da3-bc8e-642d06092cfc,pending
ab4147e9-6c00-4f42-ac6e-eb69c8b16088,pending
0c0a68bb-3fe2-4a38-bc9e-13f2207ec485,pending
b7894ebc-7249-49be-971c-8ff3b768f769,pending
89f77712-7175-4650-9848-eeac99facc20,pending
a9dda6e7-b819-4b4c-95a9-469600d4d486,pending
af844bc6-2936-49df-ac86-244dd366cecc,pending
bd608789-be8d-4593-9b03-93b4a74250bd,pending
d54f144d-e51e-4f29-83a9-9e7fa28ea0d1,pending
1912d2fb-7c13-4b90-8f64-98dcf2bce5dd,pending
44e9a799-157e-48ce-8b6a-e362c3f687a2,pending
1f378037-a732-4396-aa97-d96b8c4b54bb,pending
bb0f2116-eefc-4cd8-92b3-d0520235d691,pending
c04f6ada-9b6d-42a1-a820-78b69488e7e4,pending
c4ea4684-5318-454d-869d-81ad7489fe40,pending
957c06e9-4775-4ce4-8a6a-3a2595aac6bc,pending
76cde59f-ad34-46fe-9b5f-9bb2359d6bf6,pending
b2b34b58-7824-464e-9db8-d6d1661d8147,pending
bc06982e-5fde-498b-871f-15e379d3d7a2,pending
67d2b1af-40d6-4d72-8650-d0cc12ed4b52,pending
5120ce68-418c-417c-a04a-9e46de1d4699,pending
e685bea3-35ef-459c-86da-9dda4dff7d00,pending
e890d1b4-f1f1-4077-850d-e4a15c2b20a8,pending
f96d9128-c6f6-4669-83e7-cd0b0efc5402,pending
8918f78c-769c-4400-ae9e-e24b6a5e3bd3,pending
23846afc-b963-4ab6-b647-14a9af3f3c57,pending
cc8315d0-946d-47c8-9ab2-6542abd8594e,pending
947aaf2a-fbe3-4806-a5e2-dc54704b2ceb,pending
198ec843-7561-4c2a-b871-bb8cebdd028e,pending
abf0ad42-4879-4371-a6d8-8b1c377daa8d,pending
2fa60fb4-33c4-4438-973c-e797921644f0,pending
08bc017f-e44f-4798-90ee-3d8d591a7381,pending
2887f9c2-f850-4f0f-b705-4bda61ab0ac6,pending
47482002-7201-4cf2-b0c1-0d786d33a227,pending
f1178d19-754d-4929-8375-4bd9b4d957b2,pending
883e5caa-d4e0-4107-96b4-b760dd084656,pending
c84890c8-9494-45ae-accc-f3d38a90afc5,pending
0613c077-8aef-4252-be37-253432044232,pending
a719dc27-c3db-489f-9244-8d35b6d10c1b,pending
ec048aca-157d-408e-8f04-2314a4ec8d46,pending
90fa4029-aedc-4f8a-bac5-de1e6611525c,pending
d2df5ee1-7167-4559-897b-5fd0dff45b68,pending
458338ef-67f4-47d9-b5e6-9fe1a0754b89,pending
